Year,Month,Tradeflow,Partner_Country,HS2,Description_HS2,HS4,Description_HS4,HS10,Description_HS10,Tradevalue_Cedis,Tradevalue_USD
2022,January,Import,United Kingdom,63,Other made up textile articles; sets; worn clothing etc,6301,Blanketsand travelling rugs,6301900000,"Other blankets and travelling rugs, nes",401.18,66.7509692018436
2022,January,Import,United Kingdom,63,Other made up textile articles; sets; worn clothing etc,6302,"Bed linen, table linen, toilet linen and kitchen linen",6302590000,"Table linen of other textiles, nes (excl. knitted or crocheted)",297.76,49.5746133226778
2022,January,Import,United Kingdom,63,Other made up textile articles; sets; worn clothing etc,6302,"Bed linen, table linen, toilet linen and kitchen linen",6302600000,"Toilet linen and kitchen linen, of terry fabrics, of cotton",21919.73,3648.98718080757
2022,January,Import,United Kingdom,63,Other made up textile articles; sets; worn clothing etc,6302,"Bed linen, table linen, toilet linen and kitchen linen",6302990000,"Toilet linen and kitchen linen of other textiles, nes",5039.41,839.076574701544
2022,January,Import,United Kingdom,63,Other made up textile articles; sets; worn clothing etc,6303,Curtains (incl. drapes) and interior blinds; curtain or bed valances,6303190000,"Curtains, etc; valances of textile materials, knitted or crocheted",230.76,38.4196593576744
2022,January,Import,United Kingdom,63,Other made up textile articles; sets; worn clothing etc,6303,Curtains (incl. drapes) and interior blinds; curtain or bed valances,6303920000,Curtains and interior blinds; curtain/bed valances of synthetic fibres,1978.0,329.320879742937
2022,January,Import,United Kingdom,63,Other made up textile articles; sets; worn clothing etc,6303,Curtains (incl. drapes) and interior blinds; curtain or bed valances,6303990000,Curtains and interior blinds; curtain/bed valances of other textiles,15514.07,2583.03230568404
2022,January,Import,United Kingdom,63,Other made up textile articles; sets; worn clothing etc,6304,"Other furnishing articles, nes (excl. of 94.04)",6304110000,Knitted or crocheted bedspreads,573.54,95.4881459776239
2022,January,Import,United Kingdom,63,Other made up textile articles; sets; worn clothing etc,6304,"Other furnishing articles, nes (excl. of 94.04)",6304920000,"Furnishing articles, nes, of cotton (excl. knitted or crocheted)",152993.52,25472.6074334227
2022,January,Import,United Kingdom,63,Other made up textile articles; sets; worn clothing etc,6305,"Sacks and bags, used for packing goods",6305100000,"Sacks and bags, used for packing goods, of jute, etc",5877.18,975.8542822037
2022,January,Import,United Kingdom,63,Other made up textile articles; sets; worn clothing etc,6305,"Sacks and bags, used for packing goods",6305200000,"Sacks and bags, used for packing goods, of cotton",430.64,71.504001593996
2022,January,Import,United Kingdom,63,Other made up textile articles; sets; worn clothing etc,6305,"Sacks and bags, used for packing goods",6305390000,"Other sacks and bags, used for packing goods, man-made textile fibres, nes",13856.48,2305.53235387098
2022,January,Import,United Kingdom,63,Other made up textile articles; sets; worn clothing etc,6305,"Sacks and bags, used for packing goods",6305900000,"Other Sacks and bags, used for packing goods, of other textiles, nes",569.82,94.8703860946007
2022,January,Import,United Kingdom,63,Other made up textile articles; sets; worn clothing etc,6306,"Tarpaulins, etc; tents; sails; camping equipment",6306190000,"Tarpaulins, awnings and sunblinds, of other textiles, nes",22786.37,3792.72337588412
2022,January,Import,United Kingdom,63,Other made up textile articles; sets; worn clothing etc,6306,"Tarpaulins, etc; tents; sails; camping equipment",6306400000,Pneumatic mattresses,528.11,87.9260110217605
2022,January,Import,United Kingdom,63,Other made up textile articles; sets; worn clothing etc,6306,"Tarpaulins, etc; tents; sails; camping equipment",6306900000,"Tarpaulins, awnings and sunblinds; Other",5576.74,928.466302610549
2022,January,Import,United Kingdom,63,Other made up textile articles; sets; worn clothing etc,6307,Other made up articles (incl. dress patterns),6307100000,"Floor-cloths, dish-cloths, dusters and similar cleaning cloths",1133.86,188.791022161541
2022,January,Import,United Kingdom,63,Other made up textile articles; sets; worn clothing etc,6307,Other made up articles (incl. dress patterns),6307900000,"Made up articles (incl. dress patterns), nes",56663.8,9428.66083597984
2022,January,Import,United Kingdom,63,Other made up textile articles; sets; worn clothing etc,6309,Worn clothing and other worn articles,6309000000,Worn clothing and other worn articles,17160452.99,2855328.92286854
2022,January,Import,United Kingdom,63,Other made up textile articles; sets; worn clothing etc,6310,"Used or new rags, scrap twine, cordage, rope and cables of textiles",6310109000,"Used or new rags, scrap twine, cordage, rope and cables and worn out articles of twine, cordage, rope or cables, of textile materials: Sorted: Other",57091.32,9479.51383123568
2022,February,Import,United Kingdom,63,Other made up textile articles; sets; worn clothing etc,6302,"Bed linen, table linen, toilet linen and kitchen linen",6302390000,"Bad linen of other textiles (excl. printed, knitted or crocheted)",68.79,10.9017432646593
2022,February,Import,United Kingdom,63,Other made up textile articles; sets; worn clothing etc,6303,Curtains (incl. drapes) and interior blinds; curtain or bed valances,6303910000,Curtains and interior blinds; curtain or bed valances of cotton,69.99,11.0973695476383
2022,February,Import,United Kingdom,63,Other made up textile articles; sets; worn clothing etc,6303,Curtains (incl. drapes) and interior blinds; curtain or bed valances,6303990000,Curtains and interior blinds; curtain/bed valances of other textiles,1034.82,161.119155495352
2022,February,Import,United Kingdom,63,Other made up textile articles; sets; worn clothing etc,6304,"Other furnishing articles, nes (excl. of 94.04)",6304190000,Bedspreads (excl. knitted or crocheted),6794.31,1072.05224980655
2022,February,Import,United Kingdom,63,Other made up textile articles; sets; worn clothing etc,6304,"Other furnishing articles, nes (excl. of 94.04)",6304990000,Furnishing articles of other textiles (excl. knitted or crocheted),1027.88,155.729955760257
2022,February,Import,United Kingdom,63,Other made up textile articles; sets; worn clothing etc,6305,"Sacks and bags, used for packing goods",6305900000,"Other Sacks and bags, used for packing goods, of other textiles, nes",673.2,104.815731701621
2022,February,Import,United Kingdom,63,Other made up textile articles; sets; worn clothing etc,6306,"Tarpaulins, etc; tents; sails; camping equipment",6306120000,"Tarpaulins, awnings and sunblinds, of synthetic fibres",5241.48,819.347320640425
2022,February,Import,United Kingdom,63,Other made up textile articles; sets; worn clothing etc,6306,"Tarpaulins, etc; tents; sails; camping equipment",6306190000,"Tarpaulins, awnings and sunblinds, of other textiles, nes",56273.85,8981.32878969898
2022,February,Import,United Kingdom,63,Other made up textile articles; sets; worn clothing etc,6306,"Tarpaulins, etc; tents; sails; camping equipment",6306220000,Tents of synthetic fibres,1012.43,160.189550963577
2022,February,Import,United Kingdom,63,Other made up textile articles; sets; worn clothing etc,6306,"Tarpaulins, etc; tents; sails; camping equipment",6306290000,"Tents of other textiles, nes.",1842.23,291.600942910098
2022,February,Import,United Kingdom,63,Other made up textile articles; sets; worn clothing etc,6306,"Tarpaulins, etc; tents; sails; camping equipment",6306400000,Pneumatic mattresses,1163.6,190.669703573828
2022,February,Import,United Kingdom,63,Other made up textile articles; sets; worn clothing etc,6306,"Tarpaulins, etc; tents; sails; camping equipment",6306900000,"Tarpaulins, awnings and sunblinds; Other",951.35,151.968377994997
2022,February,Import,United Kingdom,63,Other made up textile articles; sets; worn clothing etc,6307,Other made up articles (incl. dress patterns),6307100000,"Floor-cloths, dish-cloths, dusters and similar cleaning cloths",10546.53,1642.07109159699
2022,February,Import,United Kingdom,63,Other made up textile articles; sets; worn clothing etc,6307,Other made up articles (incl. dress patterns),6307200000,Life-jackets and life-belts,21076.73,3346.30142321424
2022,February,Import,United Kingdom,63,Other made up textile articles; sets; worn clothing etc,6307,Other made up articles (incl. dress patterns),6307900000,"Made up articles (incl. dress patterns), nes",183118.53,28838.0514708981
2022,February,Import,United Kingdom,63,Other made up textile articles; sets; worn clothing etc,6309,Worn clothing and other worn articles,6309000000,Worn clothing and other worn articles,20586706.72,3259616.42479127
2022,March,Import,United Kingdom,63,Other made up textile articles; sets; worn clothing etc,6302,"Bed linen, table linen, toilet linen and kitchen linen",6302100000,"Bed linen, knitted or crocheted",1064.93,149.730748140545
2022,March,Import,United Kingdom,63,Other made up textile articles; sets; worn clothing etc,6302,"Bed linen, table linen, toilet linen and kitchen linen",6302600000,"Toilet linen and kitchen linen, of terry fabrics, of cotton",1493.95,210.054554146396
2022,March,Import,United Kingdom,63,Other made up textile articles; sets; worn clothing etc,6302,"Bed linen, table linen, toilet linen and kitchen linen",6302910000,"Toilet linen and kitchen linen of cotton, nes",276.06,39.2967971530249
2022,March,Import,United Kingdom,63,Other made up textile articles; sets; worn clothing etc,6303,Curtains (incl. drapes) and interior blinds; curtain or bed valances,6303190000,"Curtains, etc; valances of textile materials, knitted or crocheted",488.56,68.6893681635408
2022,March,Import,United Kingdom,63,Other made up textile articles; sets; worn clothing etc,6303,Curtains (incl. drapes) and interior blinds; curtain or bed valances,6303910000,Curtains and interior blinds; curtain or bed valances of cotton,649.47,92.4512455516014
2022,March,Import,United Kingdom,63,Other made up textile articles; sets; worn clothing etc,6303,Curtains (incl. drapes) and interior blinds; curtain or bed valances,6303990000,Curtains and interior blinds; curtain/bed valances of other textiles,55.31,7.87891737891738
2022,March,Import,United Kingdom,63,Other made up textile articles; sets; worn clothing etc,6304,"Other furnishing articles, nes (excl. of 94.04)",6304190000,Bedspreads (excl. knitted or crocheted),2769.91,390.546849107537
2022,March,Import,United Kingdom,63,Other made up textile articles; sets; worn clothing etc,6304,"Other furnishing articles, nes (excl. of 94.04)",6304920000,"Furnishing articles, nes, of cotton (excl. knitted or crocheted)",136.64,19.2115179123784
2022,March,Import,United Kingdom,63,Other made up textile articles; sets; worn clothing etc,6305,"Sacks and bags, used for packing goods",6305100000,"Sacks and bags, used for packing goods, of jute, etc",11398.88,1602.65448154657
2022,March,Import,United Kingdom,63,Other made up textile articles; sets; worn clothing etc,6305,"Sacks and bags, used for packing goods",6305390000,"Other sacks and bags, used for packing goods, man-made textile fibres, nes",1637.72,233.127402135231
2022,March,Import,United Kingdom,63,Other made up textile articles; sets; worn clothing etc,6306,"Tarpaulins, etc; tents; sails; camping equipment",6306190000,"Tarpaulins, awnings and sunblinds, of other textiles, nes",45517.83,6399.69490333919
2022,March,Import,United Kingdom,63,Other made up textile articles; sets; worn clothing etc,6306,"Tarpaulins, etc; tents; sails; camping equipment",6306900000,"Tarpaulins, awnings and sunblinds; Other",24342.79,3470.64085371866
2022,March,Import,United Kingdom,63,Other made up textile articles; sets; worn clothing etc,6307,Other made up articles (incl. dress patterns),6307200000,Life-jackets and life-belts,628455.38,88817.7466677029
2022,March,Import,United Kingdom,63,Other made up textile articles; sets; worn clothing etc,6307,Other made up articles (incl. dress patterns),6307900000,"Made up articles (incl. dress patterns), nes",13335.54,1880.79661161673
2022,March,Import,United Kingdom,63,Other made up textile articles; sets; worn clothing etc,6309,Worn clothing and other worn articles,6309000000,Worn clothing and other worn articles,18565732.83,2632123.39226246
2022,April,Import,United Kingdom,63,Other made up textile articles; sets; worn clothing etc,6301,Blanketsand travelling rugs,6301300000,"Blankets (excl. electric blankets) and travelling rugs, of cotton",6317.39,888.221978516394
2022,April,Import,United Kingdom,63,Other made up textile articles; sets; worn clothing etc,6302,"Bed linen, table linen, toilet linen and kitchen linen",6302100000,"Bed linen, knitted or crocheted",1679.14,236.090028190677
2022,April,Import,United Kingdom,63,Other made up textile articles; sets; worn clothing etc,6302,"Bed linen, table linen, toilet linen and kitchen linen",6302290000,Printed bed-linen of other textiles (excl. knitted or crocheted),1577.67,221.816520210896
2022,April,Import,United Kingdom,63,Other made up textile articles; sets; worn clothing etc,6302,"Bed linen, table linen, toilet linen and kitchen linen",6302390000,"Bad linen of other textiles (excl. printed, knitted or crocheted)",961.32,135.159226713533
2022,April,Import,United Kingdom,63,Other made up textile articles; sets; worn clothing etc,6302,"Bed linen, table linen, toilet linen and kitchen linen",6302510000,Table linen of cotton (excl. knitted or crocheted),10130.8,1424.3855801136
2022,April,Import,United Kingdom,63,Other made up textile articles; sets; worn clothing etc,6302,"Bed linen, table linen, toilet linen and kitchen linen",6302530000,Table linen of man-made fibres (excl. knitted or crocheted),1293.3,181.837354479501
2022,April,Import,United Kingdom,63,Other made up textile articles; sets; worn clothing etc,6302,"Bed linen, table linen, toilet linen and kitchen linen",6302910000,"Toilet linen and kitchen linen of cotton, nes",2006.17,282.086362294183
2022,April,Import,United Kingdom,63,Other made up textile articles; sets; worn clothing etc,6303,Curtains (incl. drapes) and interior blinds; curtain or bed valances,6303920000,Curtains and interior blinds; curtain/bed valances of synthetic fibres,771.87,108.533660401474
2022,April,Import,United Kingdom,63,Other made up textile articles; sets; worn clothing etc,6303,Curtains (incl. drapes) and interior blinds; curtain or bed valances,6303990000,Curtains and interior blinds; curtain/bed valances of other textiles,13354.83,1877.75850241401
2022,April,Import,United Kingdom,63,Other made up textile articles; sets; worn clothing etc,6304,"Other furnishing articles, nes (excl. of 94.04)",6304190000,Bedspreads (excl. knitted or crocheted),2195.68,308.738508120453
2022,April,Import,United Kingdom,63,Other made up textile articles; sets; worn clothing etc,6304,"Other furnishing articles, nes (excl. of 94.04)",6304920000,"Furnishing articles, nes, of cotton (excl. knitted or crocheted)",542.64,76.2927761999831
2022,April,Import,United Kingdom,63,Other made up textile articles; sets; worn clothing etc,6305,"Sacks and bags, used for packing goods",6305100000,"Sacks and bags, used for packing goods, of jute, etc",56940.59,8005.76900579539
2022,April,Import,United Kingdom,63,Other made up textile articles; sets; worn clothing etc,6305,"Sacks and bags, used for packing goods",6305900000,"Other Sacks and bags, used for packing goods, of other textiles, nes",443.73,62.3873462214411
2022,April,Import,United Kingdom,63,Other made up textile articles; sets; worn clothing etc,6306,"Tarpaulins, etc; tents; sails; camping equipment",6306120000,"Tarpaulins, awnings and sunblinds, of synthetic fibres",556.33,78.2197289241325
2022,April,Import,United Kingdom,63,Other made up textile articles; sets; worn clothing etc,6306,"Tarpaulins, etc; tents; sails; camping equipment",6306190000,"Tarpaulins, awnings and sunblinds, of other textiles, nes",43702.36,6144.35861042561
2022,April,Import,United Kingdom,63,Other made up textile articles; sets; worn clothing etc,6306,"Tarpaulins, etc; tents; sails; camping equipment",6306290000,"Tents of other textiles, nes.",16048.27,2256.5517851651
2022,April,Import,United Kingdom,63,Other made up textile articles; sets; worn clothing etc,6306,"Tarpaulins, etc; tents; sails; camping equipment",6306900000,"Tarpaulins, awnings and sunblinds; Other",54931.3,7723.71202680289
2022,April,Import,United Kingdom,63,Other made up textile articles; sets; worn clothing etc,6307,Other made up articles (incl. dress patterns),6307100000,"Floor-cloths, dish-cloths, dusters and similar cleaning cloths",2215.53,311.500711512864
2022,April,Import,United Kingdom,63,Other made up textile articles; sets; worn clothing etc,6307,Other made up articles (incl. dress patterns),6307200000,Life-jackets and life-belts,323.9,45.5395430579965
2022,April,Import,United Kingdom,63,Other made up textile articles; sets; worn clothing etc,6307,Other made up articles (incl. dress patterns),6307900000,"Made up articles (incl. dress patterns), nes",15269.05,2146.85376672915
2022,April,Import,United Kingdom,63,Other made up textile articles; sets; worn clothing etc,6309,Worn clothing and other worn articles,6309000000,Worn clothing and other worn articles,16905923.36,2377006.15556841
2022,April,Import,United Kingdom,63,Other made up textile articles; sets; worn clothing etc,6310,"Used or new rags, scrap twine, cordage, rope and cables of textiles",6310109000,"Used or new rags, scrap twine, cordage, rope and cables and worn out articles of twine, cordage, rope or cables, of textile materials: Sorted: Other",964.04,135.551181102362
2022,May,Import,United Kingdom,63,Other made up textile articles; sets; worn clothing etc,6301,Blanketsand travelling rugs,6301900000,"Other blankets and travelling rugs, nes",2965.28,415.843580415022
2022,May,Import,United Kingdom,63,Other made up textile articles; sets; worn clothing etc,6302,"Bed linen, table linen, toilet linen and kitchen linen",6302590000,"Table linen of other textiles, nes (excl. knitted or crocheted)",3268.49,458.716124233366
2022,May,Import,United Kingdom,63,Other made up textile articles; sets; worn clothing etc,6302,"Bed linen, table linen, toilet linen and kitchen linen",6302600000,"Toilet linen and kitchen linen, of terry fabrics, of cotton",8202.68,1151.96753970279
2022,May,Import,United Kingdom,63,Other made up textile articles; sets; worn clothing etc,6302,"Bed linen, table linen, toilet linen and kitchen linen",6302990000,"Toilet linen and kitchen linen of other textiles, nes",392.33,55.1002064519753
2022,May,Import,United Kingdom,63,Other made up textile articles; sets; worn clothing etc,6303,Curtains (incl. drapes) and interior blinds; curtain or bed valances,6303910000,Curtains and interior blinds; curtain or bed valances of cotton,413.68,58.1574840786717
2022,May,Import,United Kingdom,63,Other made up textile articles; sets; worn clothing etc,6303,Curtains (incl. drapes) and interior blinds; curtain or bed valances,6303920000,Curtains and interior blinds; curtain/bed valances of synthetic fibres,14063.48,1976.72464567446
2022,May,Import,United Kingdom,63,Other made up textile articles; sets; worn clothing etc,6303,Curtains (incl. drapes) and interior blinds; curtain or bed valances,6303990000,Curtains and interior blinds; curtain/bed valances of other textiles,4626.37,649.855199035557
2022,May,Import,United Kingdom,63,Other made up textile articles; sets; worn clothing etc,6304,"Other furnishing articles, nes (excl. of 94.04)",6304190000,Bedspreads (excl. knitted or crocheted),3344.6,469.776021773362
2022,May,Import,United Kingdom,63,Other made up textile articles; sets; worn clothing etc,6304,"Other furnishing articles, nes (excl. of 94.04)",6304910000,"Knitted or crocheted furnishing articles, nes",586.78,82.4870670265407
2022,May,Import,United Kingdom,63,Other made up textile articles; sets; worn clothing etc,6304,"Other furnishing articles, nes (excl. of 94.04)",6304920000,"Furnishing articles, nes, of cotton (excl. knitted or crocheted)",729.43,102.545970871057
2022,May,Import,United Kingdom,63,Other made up textile articles; sets; worn clothing etc,6304,"Other furnishing articles, nes (excl. of 94.04)",6304930000,Furnishing articles of synthetic firbes not knitted or crocheted,49.24,6.89510313248288
2022,May,Import,United Kingdom,63,Other made up textile articles; sets; worn clothing etc,6305,"Sacks and bags, used for packing goods",6305100000,"Sacks and bags, used for packing goods, of jute, etc",123088.66,17274.1891704118
2022,May,Import,United Kingdom,63,Other made up textile articles; sets; worn clothing etc,6305,"Sacks and bags, used for packing goods",6305330000,Flexible intermediate bulk containers of polyethylene or ~strip,1919.01,269.766363022942
2022,May,Import,United Kingdom,63,Other made up textile articles; sets; worn clothing etc,6305,"Sacks and bags, used for packing goods",6305900000,"Other Sacks and bags, used for packing goods, of other textiles, nes",646.06,90.824230666498
2022,May,Import,United Kingdom,63,Other made up textile articles; sets; worn clothing etc,6306,"Tarpaulins, etc; tents; sails; camping equipment",6306120000,"Tarpaulins, awnings and sunblinds, of synthetic fibres",7043.57,988.784588590798
2022,May,Import,United Kingdom,63,Other made up textile articles; sets; worn clothing etc,6306,"Tarpaulins, etc; tents; sails; camping equipment",6306190000,"Tarpaulins, awnings and sunblinds, of other textiles, nes",947.08,132.620111184238
2022,May,Import,United Kingdom,63,Other made up textile articles; sets; worn clothing etc,6306,"Tarpaulins, etc; tents; sails; camping equipment",6306290000,"Tents of other textiles, nes.",406.23,57.1061066126856
2022,May,Import,United Kingdom,63,Other made up textile articles; sets; worn clothing etc,6307,Other made up articles (incl. dress patterns),6307100000,"Floor-cloths, dish-cloths, dusters and similar cleaning cloths",6275.2,879.705045350679
2022,May,Import,United Kingdom,63,Other made up textile articles; sets; worn clothing etc,6307,Other made up articles (incl. dress patterns),6307900000,"Made up articles (incl. dress patterns), nes",36710.32,5155.33504245343
2022,May,Import,United Kingdom,63,Other made up textile articles; sets; worn clothing etc,6309,Worn clothing and other worn articles,6309000000,Worn clothing and other worn articles,17836160.18,2503493.60471276
2022,May,Import,United Kingdom,63,Other made up textile articles; sets; worn clothing etc,6310,"Used or new rags, scrap twine, cordage, rope and cables of textiles",6310101000,"Used or new rags, scrap twine, cordage, rope and cables and worn out articles of twine, cordage, rope or cables, of textile materials: Sorted: Mutilated rags",325.03,45.5715547579322
2022,May,Import,United Kingdom,63,Other made up textile articles; sets; worn clothing etc,6310,"Used or new rags, scrap twine, cordage, rope and cables of textiles",6310909000,"Used or new rags, scrap twine, cordage, rope and cables and worn out articles of twine, cordage, rope or cables, of textile materials: not Sorted: Other",687.67,96.6602476701854
2022,June,Import,United Kingdom,63,Other made up textile articles; sets; worn clothing etc,6301,Blanketsand travelling rugs,6301400000,"Blankets (excl. electric blankets), etc, of synthetic fibres",18756.19,2606.34685400171
2022,June,Import,United Kingdom,63,Other made up textile articles; sets; worn clothing etc,6302,"Bed linen, table linen, toilet linen and kitchen linen",6302100000,"Bed linen, knitted or crocheted",593.5,83.0522942584067
2022,June,Import,United Kingdom,63,Other made up textile articles; sets; worn clothing etc,6302,"Bed linen, table linen, toilet linen and kitchen linen",6302390000,"Bad linen of other textiles (excl. printed, knitted or crocheted)",1589.82,222.473796896209
2022,June,Import,United Kingdom,63,Other made up textile articles; sets; worn clothing etc,6302,"Bed linen, table linen, toilet linen and kitchen linen",6302510000,Table linen of cotton (excl. knitted or crocheted),4200.33,587.253407899336
2022,June,Import,United Kingdom,63,Other made up textile articles; sets; worn clothing etc,6302,"Bed linen, table linen, toilet linen and kitchen linen",6302530000,Table linen of man-made fibres (excl. knitted or crocheted),2678.46,374.478853547711
2022,June,Import,United Kingdom,63,Other made up textile articles; sets; worn clothing etc,6302,"Bed linen, table linen, toilet linen and kitchen linen",6302600000,"Toilet linen and kitchen linen, of terry fabrics, of cotton",558.79,78.1950994248611
2022,June,Import,United Kingdom,63,Other made up textile articles; sets; worn clothing etc,6303,Curtains (incl. drapes) and interior blinds; curtain or bed valances,6303990000,Curtains and interior blinds; curtain/bed valances of other textiles,2590.98,361.992554095793
2022,June,Import,United Kingdom,63,Other made up textile articles; sets; worn clothing etc,6304,"Other furnishing articles, nes (excl. of 94.04)",6304190000,Bedspreads (excl. knitted or crocheted),1602.2,223.013720789226
2022,June,Import,United Kingdom,63,Other made up textile articles; sets; worn clothing etc,6306,"Tarpaulins, etc; tents; sails; camping equipment",6306120000,"Tarpaulins, awnings and sunblinds, of synthetic fibres",4243.08,593.844732753915
2022,June,Import,United Kingdom,63,Other made up textile articles; sets; worn clothing etc,6306,"Tarpaulins, etc; tents; sails; camping equipment",6306190000,"Tarpaulins, awnings and sunblinds, of other textiles, nes",33076.93,4584.46708246708
2022,June,Import,United Kingdom,63,Other made up textile articles; sets; worn clothing etc,6306,"Tarpaulins, etc; tents; sails; camping equipment",6306900000,"Tarpaulins, awnings and sunblinds; Other",7233.77,1005.57317315989
2022,June,Import,United Kingdom,63,Other made up textile articles; sets; worn clothing etc,6307,Other made up articles (incl. dress patterns),6307200000,Life-jackets and life-belts,16481.26,2287.15792395226
2022,June,Import,United Kingdom,63,Other made up textile articles; sets; worn clothing etc,6307,Other made up articles (incl. dress patterns),6307900000,"Made up articles (incl. dress patterns), nes",117824.53,16330.6569636855
2022,June,Import,United Kingdom,63,Other made up textile articles; sets; worn clothing etc,6309,Worn clothing and other worn articles,6309000000,Worn clothing and other worn articles,20063085.93,2791787.79183341
2022,July,Import,United Kingdom,63,Other made up textile articles; sets; worn clothing etc,6301,Blanketsand travelling rugs,6301300000,"Blankets (excl. electric blankets) and travelling rugs, of cotton",65.54,8.73866666666667
2022,July,Import,United Kingdom,63,Other made up textile articles; sets; worn clothing etc,6302,"Bed linen, table linen, toilet linen and kitchen linen",6302310000,"Bed linen of cotton (excl. printed, knitted or crocheted)",252.38,33.6506666666667
2022,July,Import,United Kingdom,63,Other made up textile articles; sets; worn clothing etc,6302,"Bed linen, table linen, toilet linen and kitchen linen",6302530000,Table linen of man-made fibres (excl. knitted or crocheted),2818.36,370.252233315817
2022,July,Import,United Kingdom,63,Other made up textile articles; sets; worn clothing etc,6302,"Bed linen, table linen, toilet linen and kitchen linen",6302590000,"Table linen of other textiles, nes (excl. knitted or crocheted)",280.12,37.9335093777507
2022,July,Import,United Kingdom,63,Other made up textile articles; sets; worn clothing etc,6303,Curtains (incl. drapes) and interior blinds; curtain or bed valances,6303910000,Curtains and interior blinds; curtain or bed valances of cotton,1663.22,223.420986131804
2022,July,Import,United Kingdom,63,Other made up textile articles; sets; worn clothing etc,6303,Curtains (incl. drapes) and interior blinds; curtain or bed valances,6303990000,Curtains and interior blinds; curtain/bed valances of other textiles,1163.49,158.849068195781
2022,July,Import,United Kingdom,63,Other made up textile articles; sets; worn clothing etc,6304,"Other furnishing articles, nes (excl. of 94.04)",6304190000,Bedspreads (excl. knitted or crocheted),1266.1,172.479895020624
2022,July,Import,United Kingdom,63,Other made up textile articles; sets; worn clothing etc,6305,"Sacks and bags, used for packing goods",6305100000,"Sacks and bags, used for packing goods, of jute, etc",11190.41,1492.05466666667
2022,July,Import,United Kingdom,63,Other made up textile articles; sets; worn clothing etc,6305,"Sacks and bags, used for packing goods",6305200000,"Sacks and bags, used for packing goods, of cotton",529.14,71.1735826215616
2022,July,Import,United Kingdom,63,Other made up textile articles; sets; worn clothing etc,6305,"Sacks and bags, used for packing goods",6305900000,"Other Sacks and bags, used for packing goods, of other textiles, nes",1164.63,159.058013227203
2022,July,Import,United Kingdom,63,Other made up textile articles; sets; worn clothing etc,6306,"Tarpaulins, etc; tents; sails; camping equipment",6306190000,"Tarpaulins, awnings and sunblinds, of other textiles, nes",923.15,126.380998014922
2022,July,Import,United Kingdom,63,Other made up textile articles; sets; worn clothing etc,6306,"Tarpaulins, etc; tents; sails; camping equipment",6306900000,"Tarpaulins, awnings and sunblinds; Other",10798.49,1468.59719499708
2022,July,Import,United Kingdom,63,Other made up textile articles; sets; worn clothing etc,6307,Other made up articles (incl. dress patterns),6307100000,"Floor-cloths, dish-cloths, dusters and similar cleaning cloths",418.41,57.124718410813
2022,July,Import,United Kingdom,63,Other made up textile articles; sets; worn clothing etc,6307,Other made up articles (incl. dress patterns),6307200000,Life-jackets and life-belts,7460.93,1013.39059967732
2022,July,Import,United Kingdom,63,Other made up textile articles; sets; worn clothing etc,6307,Other made up articles (incl. dress patterns),6307900000,"Made up articles (incl. dress patterns), nes",125101.91,17028.6506182279
2022,July,Import,United Kingdom,63,Other made up textile articles; sets; worn clothing etc,6309,Worn clothing and other worn articles,6309000000,Worn clothing and other worn articles,16489108.25,2233046.62833923
2022,August,Import,United Kingdom,63,Other made up textile articles; sets; worn clothing etc,6302,"Bed linen, table linen, toilet linen and kitchen linen",6302100000,"Bed linen, knitted or crocheted",18276.77,2278.87058764853
2022,August,Import,United Kingdom,63,Other made up textile articles; sets; worn clothing etc,6302,"Bed linen, table linen, toilet linen and kitchen linen",6302210000,Printed bed-linen of cotton (excl. knitted or crocheted),9115.89,1136.63046595429
2022,August,Import,United Kingdom,63,Other made up textile articles; sets; worn clothing etc,6302,"Bed linen, table linen, toilet linen and kitchen linen",6302290000,Printed bed-linen of other textiles (excl. knitted or crocheted),286.04,37.5676385605464
2022,August,Import,United Kingdom,63,Other made up textile articles; sets; worn clothing etc,6302,"Bed linen, table linen, toilet linen and kitchen linen",6302510000,Table linen of cotton (excl. knitted or crocheted),1018.1,126.753899976345
2022,August,Import,United Kingdom,63,Other made up textile articles; sets; worn clothing etc,6302,"Bed linen, table linen, toilet linen and kitchen linen",6302590000,"Table linen of other textiles, nes (excl. knitted or crocheted)",1026.46,134.283097854526
2022,August,Import,United Kingdom,63,Other made up textile articles; sets; worn clothing etc,6302,"Bed linen, table linen, toilet linen and kitchen linen",6302600000,"Toilet linen and kitchen linen, of terry fabrics, of cotton",24440.13,3051.26256281462
2022,August,Import,United Kingdom,63,Other made up textile articles; sets; worn clothing etc,6302,"Bed linen, table linen, toilet linen and kitchen linen",6302990000,"Toilet linen and kitchen linen of other textiles, nes",386.05,47.3733295701366
2022,August,Import,United Kingdom,63,Other made up textile articles; sets; worn clothing etc,6303,Curtains (incl. drapes) and interior blinds; curtain or bed valances,6303120000,"Curtains, etc; valances of synthetic fibres, knitted or crocheted",3627.11,442.64897914353
2022,August,Import,United Kingdom,63,Other made up textile articles; sets; worn clothing etc,6303,Curtains (incl. drapes) and interior blinds; curtain or bed valances,6303910000,Curtains and interior blinds; curtain or bed valances of cotton,1586.64,201.466388677271
2022,August,Import,United Kingdom,63,Other made up textile articles; sets; worn clothing etc,6303,Curtains (incl. drapes) and interior blinds; curtain or bed valances,6303990000,Curtains and interior blinds; curtain/bed valances of other textiles,4708.94,605.170359239283
2022,August,Import,United Kingdom,63,Other made up textile articles; sets; worn clothing etc,6304,"Other furnishing articles, nes (excl. of 94.04)",6304190000,Bedspreads (excl. knitted or crocheted),3130.87,400.03112477405
2022,August,Import,United Kingdom,63,Other made up textile articles; sets; worn clothing etc,6304,"Other furnishing articles, nes (excl. of 94.04)",6304920000,"Furnishing articles, nes, of cotton (excl. knitted or crocheted)",1333.76,174.484563055992
2022,August,Import,United Kingdom,63,Other made up textile articles; sets; worn clothing etc,6304,"Other furnishing articles, nes (excl. of 94.04)",6304930000,Furnishing articles of synthetic firbes not knitted or crocheted,1447.87,190.158917783031
2022,August,Import,United Kingdom,63,Other made up textile articles; sets; worn clothing etc,6305,"Sacks and bags, used for packing goods",6305100000,"Sacks and bags, used for packing goods, of jute, etc",138088.83,16900.6930009195
2022,August,Import,United Kingdom,63,Other made up textile articles; sets; worn clothing etc,6306,"Tarpaulins, etc; tents; sails; camping equipment",6306120000,"Tarpaulins, awnings and sunblinds, of synthetic fibres",17611.04,2159.51349204089
2022,August,Import,United Kingdom,63,Other made up textile articles; sets; worn clothing etc,6306,"Tarpaulins, etc; tents; sails; camping equipment",6306190000,"Tarpaulins, awnings and sunblinds, of other textiles, nes",35516.75,4641.41537098393
2022,August,Import,United Kingdom,63,Other made up textile articles; sets; worn clothing etc,6306,"Tarpaulins, etc; tents; sails; camping equipment",6306290000,"Tents of other textiles, nes.",1245.48,151.426139817629
2022,August,Import,United Kingdom,63,Other made up textile articles; sets; worn clothing etc,6306,"Tarpaulins, etc; tents; sails; camping equipment",6306900000,"Tarpaulins, awnings and sunblinds; Other",581.62,76.0884353741497
2022,August,Import,United Kingdom,63,Other made up textile articles; sets; worn clothing etc,6307,Other made up articles (incl. dress patterns),6307100000,"Floor-cloths, dish-cloths, dusters and similar cleaning cloths",181.41,23.7323390894819
2022,August,Import,United Kingdom,63,Other made up textile articles; sets; worn clothing etc,6307,Other made up articles (incl. dress patterns),6307200000,Life-jackets and life-belts,1459.03,179.041857383024
2022,August,Import,United Kingdom,63,Other made up textile articles; sets; worn clothing etc,6307,Other made up articles (incl. dress patterns),6307900000,"Made up articles (incl. dress patterns), nes",78478.25,9685.15640598431
2022,August,Import,United Kingdom,63,Other made up textile articles; sets; worn clothing etc,6309,Worn clothing and other worn articles,6309000000,Worn clothing and other worn articles,20713001.14,2572852.44833328
2022,September,Import,United Kingdom,63,Other made up textile articles; sets; worn clothing etc,6301,Blanketsand travelling rugs,6301900000,"Other blankets and travelling rugs, nes",969.58,117.448655547327
2022,September,Import,United Kingdom,63,Other made up textile articles; sets; worn clothing etc,6302,"Bed linen, table linen, toilet linen and kitchen linen",6302100000,"Bed linen, knitted or crocheted",1811.37,220.026723352566
2022,September,Import,United Kingdom,63,Other made up textile articles; sets; worn clothing etc,6302,"Bed linen, table linen, toilet linen and kitchen linen",6302600000,"Toilet linen and kitchen linen, of terry fabrics, of cotton",1052.76,127.107171422478
2022,September,Import,United Kingdom,63,Other made up textile articles; sets; worn clothing etc,6303,Curtains (incl. drapes) and interior blinds; curtain or bed valances,6303910000,Curtains and interior blinds; curtain or bed valances of cotton,3329.67,396.091414352363
2022,September,Import,United Kingdom,63,Other made up textile articles; sets; worn clothing etc,6303,Curtains (incl. drapes) and interior blinds; curtain or bed valances,6303990000,Curtains and interior blinds; curtain/bed valances of other textiles,2512.67,280.924521760005
2022,September,Import,United Kingdom,63,Other made up textile articles; sets; worn clothing etc,6304,"Other furnishing articles, nes (excl. of 94.04)",6304190000,Bedspreads (excl. knitted or crocheted),831.45,100.76305702527
2022,September,Import,United Kingdom,63,Other made up textile articles; sets; worn clothing etc,6304,"Other furnishing articles, nes (excl. of 94.04)",6304200000,"Other furnishing articles, excluding those of heading 94.04. Bed nets specified in Subheading Note 1 to this Chapter",429.45,52.0135650699449
2022,September,Import,United Kingdom,63,Other made up textile articles; sets; worn clothing etc,6304,"Other furnishing articles, nes (excl. of 94.04)",6304910000,"Knitted or crocheted furnishing articles, nes",60.68,7.36989129774701
2022,September,Import,United Kingdom,63,Other made up textile articles; sets; worn clothing etc,6305,"Sacks and bags, used for packing goods",6305330000,Flexible intermediate bulk containers of polyethylene or ~strip,83.82,8.76915834074384
2022,September,Import,United Kingdom,63,Other made up textile articles; sets; worn clothing etc,6305,"Sacks and bags, used for packing goods",6305390000,"Other sacks and bags, used for packing goods, man-made textile fibres, nes",163.71,17.1271643040226
2022,September,Import,United Kingdom,63,Other made up textile articles; sets; worn clothing etc,6306,"Tarpaulins, etc; tents; sails; camping equipment",6306190000,"Tarpaulins, awnings and sunblinds, of other textiles, nes",48014.22,5750.83370315283
2022,September,Import,United Kingdom,63,Other made up textile articles; sets; worn clothing etc,6306,"Tarpaulins, etc; tents; sails; camping equipment",6306290000,"Tents of other textiles, nes.",1087.02,113.722864466182
2022,September,Import,United Kingdom,63,Other made up textile articles; sets; worn clothing etc,6306,"Tarpaulins, etc; tents; sails; camping equipment",6306400000,Pneumatic mattresses,3720.16,448.768954244424
2022,September,Import,United Kingdom,63,Other made up textile articles; sets; worn clothing etc,6307,Other made up articles (incl. dress patterns),6307100000,"Floor-cloths, dish-cloths, dusters and similar cleaning cloths",850.61,89.1316420944537
2022,September,Import,United Kingdom,63,Other made up textile articles; sets; worn clothing etc,6307,Other made up articles (incl. dress patterns),6307200000,Life-jackets and life-belts,2376.12,288.59172891237
2022,September,Import,United Kingdom,63,Other made up textile articles; sets; worn clothing etc,6307,Other made up articles (incl. dress patterns),6307900000,"Made up articles (incl. dress patterns), nes",268153.99,31882.3331242671
2022,September,Import,United Kingdom,63,Other made up textile articles; sets; worn clothing etc,6309,Worn clothing and other worn articles,6309000000,Worn clothing and other worn articles,17776970.93,2018889.23101562
2022,September,Import,United Kingdom,63,Other made up textile articles; sets; worn clothing etc,6310,"Used or new rags, scrap twine, cordage, rope and cables of textiles",6310101000,"Used or new rags, scrap twine, cordage, rope and cables and worn out articles of twine, cordage, rope or cables, of textile materials: Sorted: Mutilated rags",2145.47,260.578125948867
2022,October,Import,United Kingdom,63,Other made up textile articles; sets; worn clothing etc,6301,Blanketsand travelling rugs,6301300000,"Blankets (excl. electric blankets) and travelling rugs, of cotton",10166.03,851.262635108373
2022,October,Import,United Kingdom,63,Other made up textile articles; sets; worn clothing etc,6301,Blanketsand travelling rugs,6301900000,"Other blankets and travelling rugs, nes",113066.94,10379.5539201563
2022,October,Import,United Kingdom,63,Other made up textile articles; sets; worn clothing etc,6302,"Bed linen, table linen, toilet linen and kitchen linen",6302100000,"Bed linen, knitted or crocheted",9917.53,852.08353693635
2022,October,Import,United Kingdom,63,Other made up textile articles; sets; worn clothing etc,6302,"Bed linen, table linen, toilet linen and kitchen linen",6302510000,Table linen of cotton (excl. knitted or crocheted),433.08,34.5615169144581
2022,October,Import,United Kingdom,63,Other made up textile articles; sets; worn clothing etc,6302,"Bed linen, table linen, toilet linen and kitchen linen",6302600000,"Toilet linen and kitchen linen, of terry fabrics, of cotton",378.3,30.1826276358936
2022,October,Import,United Kingdom,63,Other made up textile articles; sets; worn clothing etc,6303,Curtains (incl. drapes) and interior blinds; curtain or bed valances,6303120000,"Curtains, etc; valances of synthetic fibres, knitted or crocheted",814.6,84.5459263103269
2022,October,Import,United Kingdom,63,Other made up textile articles; sets; worn clothing etc,6303,Curtains (incl. drapes) and interior blinds; curtain or bed valances,6303910000,Curtains and interior blinds; curtain or bed valances of cotton,676.6,63.1657564300051
2022,October,Import,United Kingdom,63,Other made up textile articles; sets; worn clothing etc,6303,Curtains (incl. drapes) and interior blinds; curtain or bed valances,6303990000,Curtains and interior blinds; curtain/bed valances of other textiles,289521.07,26652.0063544584
2022,October,Import,United Kingdom,63,Other made up textile articles; sets; worn clothing etc,6304,"Other furnishing articles, nes (excl. of 94.04)",6304190000,Bedspreads (excl. knitted or crocheted),4043.07,409.145544982254
2022,October,Import,United Kingdom,63,Other made up textile articles; sets; worn clothing etc,6304,"Other furnishing articles, nes (excl. of 94.04)",6304200000,"Other furnishing articles, excluding those of heading 94.04. Bed nets specified in Subheading Note 1 to this Chapter",6486.02,498.567947545218
2022,October,Import,United Kingdom,63,Other made up textile articles; sets; worn clothing etc,6305,"Sacks and bags, used for packing goods",6305200000,"Sacks and bags, used for packing goods, of cotton",445.21,34.2250716850011
2022,October,Import,United Kingdom,63,Other made up textile articles; sets; worn clothing etc,6305,"Sacks and bags, used for packing goods",6305900000,"Other Sacks and bags, used for packing goods, of other textiles, nes",97294.4,9713.74164270284
2022,October,Import,United Kingdom,63,Other made up textile articles; sets; worn clothing etc,6306,"Tarpaulins, etc; tents; sails; camping equipment",6306120000,"Tarpaulins, awnings and sunblinds, of synthetic fibres",664.32,68.948624805397
2022,October,Import,United Kingdom,63,Other made up textile articles; sets; worn clothing etc,6306,"Tarpaulins, etc; tents; sails; camping equipment",6306190000,"Tarpaulins, awnings and sunblinds, of other textiles, nes",264.47,20.3303968144151
2022,October,Import,United Kingdom,63,Other made up textile articles; sets; worn clothing etc,6306,"Tarpaulins, etc; tents; sails; camping equipment",6306290000,"Tents of other textiles, nes.",3081.22,319.794499221588
2022,October,Import,United Kingdom,63,Other made up textile articles; sets; worn clothing etc,6306,"Tarpaulins, etc; tents; sails; camping equipment",6306400000,Pneumatic mattresses,8313.65,695.659533818629
2022,October,Import,United Kingdom,63,Other made up textile articles; sets; worn clothing etc,6307,Other made up articles (incl. dress patterns),6307100000,"Floor-cloths, dish-cloths, dusters and similar cleaning cloths",794.96,82.5075246497146
2022,October,Import,United Kingdom,63,Other made up textile articles; sets; worn clothing etc,6307,Other made up articles (incl. dress patterns),6307200000,Life-jackets and life-belts,477.39,44.5455308904627
2022,October,Import,United Kingdom,63,Other made up textile articles; sets; worn clothing etc,6307,Other made up articles (incl. dress patterns),6307900000,"Made up articles (incl. dress patterns), nes",118091.63,11336.3433507608
2022,October,Import,United Kingdom,63,Other made up textile articles; sets; worn clothing etc,6308,"Sets of woven fabric and yarn, for making up into rugs, etc, prs",6308000000,"Sets of woven fabric and yarn, for making up into rugs, etc, prs",992.95,76.3308605911519
2022,October,Import,United Kingdom,63,Other made up textile articles; sets; worn clothing etc,6309,Worn clothing and other worn articles,6309000000,Worn clothing and other worn articles,22121276.37,1991922.43887524
2022,October,Import,United Kingdom,63,Other made up textile articles; sets; worn clothing etc,6310,"Used or new rags, scrap twine, cordage, rope and cables of textiles",6310909000,"Used or new rags, scrap twine, cordage, rope and cables and worn out articles of twine, cordage, rope or cables, of textile materials: not Sorted: Other",1741.82,135.081345603466
2022,November,Import,United Kingdom,63,Other made up textile articles; sets; worn clothing etc,6301,Blanketsand travelling rugs,6301200000,"Blankets (excl. electric blankets) and travelling rugs, of wool...",3251.68,248.677337697596
2022,November,Import,United Kingdom,63,Other made up textile articles; sets; worn clothing etc,6301,Blanketsand travelling rugs,6301900000,"Other blankets and travelling rugs, nes",1365.62,104.321411948592
2022,November,Import,United Kingdom,63,Other made up textile articles; sets; worn clothing etc,6302,"Bed linen, table linen, toilet linen and kitchen linen",6302310000,"Bed linen of cotton (excl. printed, knitted or crocheted)",2181.96,167.124441823237
2022,November,Import,United Kingdom,63,Other made up textile articles; sets; worn clothing etc,6302,"Bed linen, table linen, toilet linen and kitchen linen",6302400000,"Table linen, knitted or crocheted",2195.47,167.526630650429
2022,November,Import,United Kingdom,63,Other made up textile articles; sets; worn clothing etc,6302,"Bed linen, table linen, toilet linen and kitchen linen",6302530000,Table linen of man-made fibres (excl. knitted or crocheted),16608.38,1267.3555942863
2022,November,Import,United Kingdom,63,Other made up textile articles; sets; worn clothing etc,6302,"Bed linen, table linen, toilet linen and kitchen linen",6302600000,"Toilet linen and kitchen linen, of terry fabrics, of cotton",15620.38,1191.96258288649
2022,November,Import,United Kingdom,63,Other made up textile articles; sets; worn clothing etc,6303,Curtains (incl. drapes) and interior blinds; curtain or bed valances,6303120000,"Curtains, etc; valances of synthetic fibres, knitted or crocheted",3064.22,234.69238185085
2022,November,Import,United Kingdom,63,Other made up textile articles; sets; worn clothing etc,6303,Curtains (incl. drapes) and interior blinds; curtain or bed valances,6303190000,"Curtains, etc; valances of textile materials, knitted or crocheted",2176.14,166.053789222766
2022,November,Import,United Kingdom,63,Other made up textile articles; sets; worn clothing etc,6303,Curtains (incl. drapes) and interior blinds; curtain or bed valances,6303910000,Curtains and interior blinds; curtain or bed valances of cotton,4831.15,369.879838691217
2022,November,Import,United Kingdom,63,Other made up textile articles; sets; worn clothing etc,6303,Curtains (incl. drapes) and interior blinds; curtain or bed valances,6303990000,Curtains and interior blinds; curtain/bed valances of other textiles,4552.28,348.806029092328
2022,November,Import,United Kingdom,63,Other made up textile articles; sets; worn clothing etc,6304,"Other furnishing articles, nes (excl. of 94.04)",6304110000,Knitted or crocheted bedspreads,3465.37,264.425079929494
2022,November,Import,United Kingdom,63,Other made up textile articles; sets; worn clothing etc,6304,"Other furnishing articles, nes (excl. of 94.04)",6304190000,Bedspreads (excl. knitted or crocheted),4299.11,329.28484439985
2022,November,Import,United Kingdom,63,Other made up textile articles; sets; worn clothing etc,6304,"Other furnishing articles, nes (excl. of 94.04)",6304920000,"Furnishing articles, nes, of cotton (excl. knitted or crocheted)",3407.76,260.888326931586
2022,November,Import,United Kingdom,63,Other made up textile articles; sets; worn clothing etc,6305,"Sacks and bags, used for packing goods",6305100000,"Sacks and bags, used for packing goods, of jute, etc",2061.23,157.526531466308
2022,November,Import,United Kingdom,63,Other made up textile articles; sets; worn clothing etc,6306,"Tarpaulins, etc; tents; sails; camping equipment",6306290000,"Tents of other textiles, nes.",12159.47,927.842179723299
2022,November,Import,United Kingdom,63,Other made up textile articles; sets; worn clothing etc,6306,"Tarpaulins, etc; tents; sails; camping equipment",6306400000,Pneumatic mattresses,7962.6,609.885186007859
2022,November,Import,United Kingdom,63,Other made up textile articles; sets; worn clothing etc,6306,"Tarpaulins, etc; tents; sails; camping equipment",6306900000,"Tarpaulins, awnings and sunblinds; Other",899.67,68.777377703369
2022,November,Import,United Kingdom,63,Other made up textile articles; sets; worn clothing etc,6307,Other made up articles (incl. dress patterns),6307100000,"Floor-cloths, dish-cloths, dusters and similar cleaning cloths",1304.26,100.262907044679
2022,November,Import,United Kingdom,63,Other made up textile articles; sets; worn clothing etc,6307,Other made up articles (incl. dress patterns),6307200000,Life-jackets and life-belts,94900.1,7248.32804135157
2022,November,Import,United Kingdom,63,Other made up textile articles; sets; worn clothing etc,6307,Other made up articles (incl. dress patterns),6307900000,"Made up articles (incl. dress patterns), nes",253974.79,19509.6089208587
2022,November,Import,United Kingdom,63,Other made up textile articles; sets; worn clothing etc,6309,Worn clothing and other worn articles,6309000000,Worn clothing and other worn articles,31439045.36,2405336.06479745
2022,November,Import,United Kingdom,63,Other made up textile articles; sets; worn clothing etc,6310,"Used or new rags, scrap twine, cordage, rope and cables of textiles",6310101000,"Used or new rags, scrap twine, cordage, rope and cables and worn out articles of twine, cordage, rope or cables, of textile materials: Sorted: Mutilated rags",2022.25,154.595631799035
2022,November,Import,United Kingdom,63,Other made up textile articles; sets; worn clothing etc,6310,"Used or new rags, scrap twine, cordage, rope and cables of textiles",6310909000,"Used or new rags, scrap twine, cordage, rope and cables and worn out articles of twine, cordage, rope or cables, of textile materials: not Sorted: Other",520.08,39.6874332285339
2022,December,Import,United Kingdom,63,Other made up textile articles; sets; worn clothing etc,6301,Blanketsand travelling rugs,6301900000,"Other blankets and travelling rugs, nes",1314.36,158.261288380494
2022,December,Import,United Kingdom,63,Other made up textile articles; sets; worn clothing etc,6302,"Bed linen, table linen, toilet linen and kitchen linen",6302100000,"Bed linen, knitted or crocheted",3975.9,496.296640460933
2022,December,Import,United Kingdom,63,Other made up textile articles; sets; worn clothing etc,6302,"Bed linen, table linen, toilet linen and kitchen linen",6302210000,Printed bed-linen of cotton (excl. knitted or crocheted),14244.56,1721.83657284407
2022,December,Import,United Kingdom,63,Other made up textile articles; sets; worn clothing etc,6302,"Bed linen, table linen, toilet linen and kitchen linen",6302310000,"Bed linen of cotton (excl. printed, knitted or crocheted)",14439.38,1804.02048975512
2022,December,Import,United Kingdom,63,Other made up textile articles; sets; worn clothing etc,6302,"Bed linen, table linen, toilet linen and kitchen linen",6302510000,Table linen of cotton (excl. knitted or crocheted),7312.96,567.115936409461
2022,December,Import,United Kingdom,63,Other made up textile articles; sets; worn clothing etc,6302,"Bed linen, table linen, toilet linen and kitchen linen",6302530000,Table linen of man-made fibres (excl. knitted or crocheted),9860.44,764.671578131059
2022,December,Import,United Kingdom,63,Other made up textile articles; sets; worn clothing etc,6302,"Bed linen, table linen, toilet linen and kitchen linen",6302600000,"Toilet linen and kitchen linen, of terry fabrics, of cotton",499.6,53.7204301075269
2022,December,Import,United Kingdom,63,Other made up textile articles; sets; worn clothing etc,6302,"Bed linen, table linen, toilet linen and kitchen linen",6302910000,"Toilet linen and kitchen linen of cotton, nes",44248.38,5329.99367694385
2022,December,Import,United Kingdom,63,Other made up textile articles; sets; worn clothing etc,6303,Curtains (incl. drapes) and interior blinds; curtain or bed valances,6303910000,Curtains and interior blinds; curtain or bed valances of cotton,6272.11,675.645456247456
2022,December,Import,United Kingdom,63,Other made up textile articles; sets; worn clothing etc,6303,Curtains (incl. drapes) and interior blinds; curtain or bed valances,6303920000,Curtains and interior blinds; curtain/bed valances of synthetic fibres,4509.88,563.453273363318
2022,December,Import,United Kingdom,63,Other made up textile articles; sets; worn clothing etc,6303,Curtains (incl. drapes) and interior blinds; curtain or bed valances,6303990000,Curtains and interior blinds; curtain/bed valances of other textiles,2310.76,253.822456204668
2022,December,Import,United Kingdom,63,Other made up textile articles; sets; worn clothing etc,6304,"Other furnishing articles, nes (excl. of 94.04)",6304110000,Knitted or crocheted bedspreads,3443.16,262.758415433573
2022,December,Import,United Kingdom,63,Other made up textile articles; sets; worn clothing etc,6304,"Other furnishing articles, nes (excl. of 94.04)",6304190000,Bedspreads (excl. knitted or crocheted),21525.01,2556.57686549087
2022,December,Import,United Kingdom,63,Other made up textile articles; sets; worn clothing etc,6304,"Other furnishing articles, nes (excl. of 94.04)",6304920000,"Furnishing articles, nes, of cotton (excl. knitted or crocheted)",416082.27,44744.9870767954
2022,December,Import,United Kingdom,63,Other made up textile articles; sets; worn clothing etc,6304,"Other furnishing articles, nes (excl. of 94.04)",6304990000,Furnishing articles of other textiles (excl. knitted or crocheted),1965.76,245.5972013993
2022,December,Import,United Kingdom,63,Other made up textile articles; sets; worn clothing etc,6305,"Sacks and bags, used for packing goods",6305330000,Flexible intermediate bulk containers of polyethylene or ~strip,275480.13,34417.8073463268
2022,December,Import,United Kingdom,63,Other made up textile articles; sets; worn clothing etc,6305,"Sacks and bags, used for packing goods",6305900000,"Other Sacks and bags, used for packing goods, of other textiles, nes",792.36,99.0301454781783
2022,December,Import,United Kingdom,63,Other made up textile articles; sets; worn clothing etc,6306,"Tarpaulins, etc; tents; sails; camping equipment",6306900000,"Tarpaulins, awnings and sunblinds; Other",774.33,96.7767334899765
2022,December,Import,United Kingdom,63,Other made up textile articles; sets; worn clothing etc,6307,Other made up articles (incl. dress patterns),6307200000,Life-jackets and life-belts,68685.51,7618.07087914323
2022,December,Import,United Kingdom,63,Other made up textile articles; sets; worn clothing etc,6307,Other made up articles (incl. dress patterns),6307900000,"Made up articles (incl. dress patterns), nes",13153.5,1019.97885475827
2022,December,Import,United Kingdom,63,Other made up textile articles; sets; worn clothing etc,6309,Worn clothing and other worn articles,6309000000,Worn clothing and other worn articles,26003706.95,2669351.64038177
2022,December,Import,United Kingdom,63,Other made up textile articles; sets; worn clothing etc,6310,"Used or new rags, scrap twine, cordage, rope and cables of textiles",6310101000,"Used or new rags, scrap twine, cordage, rope and cables and worn out articles of twine, cordage, rope or cables, of textile materials: Sorted: Mutilated rags",2369.75,188.704411530498
2022,December,Import,United Kingdom,63,Other made up textile articles; sets; worn clothing etc,6310,"Used or new rags, scrap twine, cordage, rope and cables of textiles",6310901000,"Used or new rags, scrap twine, cordage, rope and cables and worn out articles of twine, cordage, rope or cables, of textile materials: not Sorted: Mutilated rags",258.32,20.570154483198
